{"cameraMode":{"drawMode":0,"name":"Shaded","section":"Shading Mode"},"sceneLighting":false,"audioPlay":false,"sceneViewState":{"showFog":true,"showMaterialUpdate":false,"showSkybox":true,"showFlares":true,"showImageEffects":true,"showParticleSystems":true},"in2DMode":false,"pivot":{"x":0.0005666017532348633,"y":3.0354855060577394,"z":0.0},"rotation":{"x":0.09273241460323334,"y":0.8749281167984009,"z":-0.4376445710659027,"w":0.18538795411586762},"size":3.8894357681274416,"orthographic":false}